timestamp,aoa_deg,thickness_m,speed_mps,Cd,Cl,max_disp_m,max_stress_Pa,fea_outbase,notes,L_over_D,pass_disp,pass_stress,PASS,PASS_rank,disp_util_%,stress_util_%,disp_margin_mm,stress_margin_MPa
2025-08-26 16:31:57,13.0,0.0025,69.44,0.102158,0.44482,0.0002477124312114,20143537.546322808,/case/fea/auto_run_20250826_163154,gurney=6mm | from simpleFoam.log,4.354235595799112,True,True,True,0,2.48,2.88,9.752,679.856
2025-08-26 16:33:09,14.0,0.0025,69.44,0.0770871,0.335101,0.0001591391575925,12008516.810598804,/case/fea/auto_run_20250826_163302,gurney=6mm | from simpleFoam.log,4.347043798452049,True,True,True,0,1.59,1.72,9.841,687.991
2025-08-26 16:34:37,15.0,0.0025,69.44,0.0731789,0.298833,7.748240388892013e-05,7565067.047299166,/case/fea/auto_run_20250826_163434,gurney=6mm | from simpleFoam.log,4.0835951346073305,True,True,True,0,0.77,1.08,9.923,692.435
2025-08-25 13:42:11,12.0,0.0025,69.44,0.100768,0.385429,0.0002825701463042,26281059.757949453,/case/fea/auto_run_20250825_134208,"gurney=3mm suction-side (XY,-Y) + TEref | from simpleFoam.log",3.824914655408216,True,True,True,0,2.83,3.75,9.717,673.719
2025-08-25 15:13:33,12.0,0.0025,69.44,0.100768,0.385429,0.0002825701463042,26281059.757949453,/case/fea/auto_run_20250825_151330,"gurney=3mm suction-side (XY,-Y) + TEref | from simpleFoam.log",3.824914655408216,True,True,True,0,2.83,3.75,9.717,673.719
2025-08-25 13:31:18,12.0,0.0025,69.44,0.118345,0.442693,0.0003633879637631,33050464.985556904,/case/fea/auto_run_20250825_133114,"gurney=6mm suction-side (XY,-Y) + TEref | from simpleFoam.log",3.740698804311625,True,True,True,0,3.63,4.72,9.637,666.95
2025-08-25 13:42:26,12.0,0.0025,69.44,0.118345,0.442693,0.0003633879637631,33050464.985556904,/case/fea/auto_run_20250825_134222,"gurney=6mm suction-side (XY,-Y) + TEref | from simpleFoam.log",3.740698804311625,True,True,True,0,3.63,4.72,9.637,666.95
2025-08-25 15:13:48,12.0,0.0025,69.44,0.118345,0.442693,0.0003633879637631,33050464.985556904,/case/fea/auto_run_20250825_151344,"gurney=6mm suction-side (XY,-Y) + TEref | from simpleFoam.log",3.740698804311625,True,True,True,0,3.63,4.72,9.637,666.95
2025-08-25 21:35:08,16.0,0.0025,69.44,0.09222,0.338787,0.0001974684629108,16043852.702700904,/case/fea/auto_run_20250825_213501,"gurney=6mm (AoA16,t2.5,stability) | from simpleFoam.log",3.6736824983336187,True,True,True,0,1.97,2.29,9.803,683.956
2025-08-26 16:00:35,16.0,0.0025,69.44,0.09222,0.338787,0.0001974684629108,16043852.702700904,/case/fea/auto_run_20250826_160028,"gurney=6mm, stability numerics | from simpleFoam.log",3.6736824983336187,True,True,True,0,1.97,2.29,9.803,683.956
2025-08-25 13:42:40,12.0,0.0025,69.44,0.128128,0.469931,0.0004039483794045,36293962.87919288,/case/fea/auto_run_20250825_134237,"gurney=9mm suction-side (XY,-Y) + TEref | from simpleFoam.log",3.667668269202144,True,True,True,0,4.04,5.18,9.596,663.706
2025-08-25 15:14:02,12.0,0.0025,69.44,0.128128,0.469931,0.0004039483794045,36293962.87919288,/case/fea/auto_run_20250825_151359,"gurney=9mm suction-side (XY,-Y) + TEref | from simpleFoam.log",3.667668269202144,True,True,True,0,4.04,5.18,9.596,663.706
2025-08-25 21:36:23,16.0,0.0025,69.44,0.0918933,0.336776,0.0001956675788758,15897421.52617004,/case/fea/auto_run_20250825_213616,"gurney=9mm (AoA16,t2.5,stability) | from simpleFoam.log",3.664859135501012,True,True,True,0,1.96,2.27,9.804,684.103
2025-08-25 15:53:50,16.0,0.0025,69.44,0.0908959,0.331508,0.0001844159696896,15188289.905606529,/case/fea/auto_run_20250825_155344,gurney=3mm suction-side (stability numerics) | from simpleFoam.log,3.6471171966651177,True,True,True,0,1.84,2.17,9.816,684.812
2025-08-25 21:33:54,16.0,0.0025,69.44,0.0908959,0.331508,0.0001844159696896,15188289.905606529,/case/fea/auto_run_20250825_213347,"gurney=3mm (AoA16,t2.5,stability) | from simpleFoam.log",3.6471171966651177,True,True,True,0,1.84,2.17,9.816,684.812
2025-08-25 15:48:04,16.0,0.0025,69.44,0.0907012,0.330751,0.0001840067446614,15158897.8931382,/case/fea/auto_run_20250825_154757,AoA16 baseline (stability pass) | from simpleFoam.log,3.6466000449426623,True,True,True,0,1.84,2.17,9.816,684.841
2025-08-25 21:32:42,16.0,0.0025,69.44,0.0907012,0.330751,0.0001840067446614,15158897.8931382,/case/fea/auto_run_20250825_213235,"gurney=0mm (AoA16,t2.5,stability) | from simpleFoam.log",3.6466000449426623,True,True,True,0,1.84,2.17,9.816,684.841
2025-08-25 12:12:43,12.0,0.0025,69.44,0.0724749,0.263775,0.0001771343157712,12502878.301070198,/case/fea/auto_run_20250825_121240,"gurney=0mm (XY,-Y) + TEref | from simpleFoam.log",3.6395358944456695,True,True,True,0,1.77,1.79,9.823,687.497
2025-08-25 13:41:56,12.0,0.0025,69.44,0.0724749,0.263775,0.0001771343157712,12502878.301070198,/case/fea/auto_run_20250825_134154,"gurney=0mm suction-side (XY,-Y) + TEref | from simpleFoam.log",3.6395358944456695,True,True,True,0,1.77,1.79,9.823,687.497
2025-08-25 15:13:19,12.0,0.0025,69.44,0.0724749,0.263775,0.0001771343157712,12502878.301070198,/case/fea/auto_run_20250825_151316,"gurney=0mm suction-side (XY,-Y) + TEref | from simpleFoam.log",3.6395358944456695,True,True,True,0,1.77,1.79,9.823,687.497
2025-08-25 12:13:12,12.0,0.0025,69.44,0.0732233,0.263108,0.0001309021505018,12416438.919009063,/case/fea/auto_run_20250825_121309,"gurney=10mm (XY,-Y) + TEref | from simpleFoam.log",3.5932278386306917,True,True,True,0,1.31,1.77,9.869,687.584
2025-08-25 11:56:27,12.0,0.0025,69.44,0.0738563,0.262159,0.0001302479681345,12360758.194857037,/case/fea/auto_run_20250825_115623,"gurney=15mm,3mm (XY,-Y) + TEref | from simpleFoam.log",3.5495820938288323,True,True,True,0,1.3,1.77,9.87,687.639
2025-08-25 12:13:26,12.0,0.0025,69.44,0.0738563,0.262159,0.0001302479681345,12360758.194857037,/case/fea/auto_run_20250825_121323,"gurney=15mm (XY,-Y) + TEref | from simpleFoam.log",3.5495820938288323,True,True,True,0,1.3,1.77,9.87,687.639
2025-08-26 16:35:30,17.0,0.0025,69.44,0.15332,0.504493,0.0003567936360973,31926581.24855869,/case/fea/auto_run_20250826_163527,gurney=6mm | from simpleFoam.log,3.2904578658799206,True,True,True,0,3.57,4.56,9.643,668.073
2025-08-26 16:36:42,18.0,0.0025,69.44,0.137133,0.415707,0.0003469458772353,28761687.121854857,/case/fea/auto_run_20250826_163635,gurney=6mm | from simpleFoam.log,3.0314147579136206,True,True,True,0,3.47,4.11,9.653,671.238
2025-08-25 12:24:35,12.0,0.0025,69.44,0.0659844,0.172226,3.76433519477284e-05,2489629.3382467525,/case/fea/auto_run_20250825_122432,"gurney=10mm downward (XY,-Y) + TEref | from simpleFoam.log",2.610101781593678,True,True,True,0,0.38,0.36,9.962,697.51
2025-08-25 11:51:53,12.0,0.0025,69.44,0.0713642,0.169951,0.0010407986823945,23857592.2721414,/case/fea/auto_run_20250825_115153,"baseline (XY, lift=-Y) | from simpleFoam.log",2.3814601718735515,True,True,True,0,10.41,3.41,8.959,676.142
2025-08-25 11:51:55,12.0,0.0025,69.44,0.0718015,0.170472,1.739141857768508e-05,1506616.4565810736,/case/fea/auto_run_20250825_115155,"gurney=15mm,3mm (XY, lift=-Y) | from simpleFoam.log",2.3742122378728268,True,True,True,0,0.17,0.22,9.983,698.493
2025-08-20 20:58:17,18.0,0.0015,69.44,0.033472,0.0636918,0.0016343580449611,21699146.713513367,/case/fea/auto_run_20250820_205817,from simpleFoam.log,1.9028381930597864,True,True,True,0,16.34,3.1,8.366,678.301
2025-08-20 20:58:28,18.0,0.002,69.44,0.033472,0.0636918,0.000947076896172,15874108.91793656,/case/fea/auto_run_20250820_205828,from simpleFoam.log,1.9028381930597864,True,True,True,0,9.47,2.27,9.053,684.126
2025-08-20 20:58:32,18.0,0.0025,69.44,0.033472,0.0636918,0.0006140627276207,12322667.58099199,/case/fea/auto_run_20250820_205831,from simpleFoam.log,1.9028381930597864,True,True,True,0,6.14,1.76,9.386,687.677
2025-08-20 20:58:43,18.0,0.003,69.44,0.033472,0.0636918,0.0004286755240371,9948048.67025162,/case/fea/auto_run_20250820_205842,from simpleFoam.log,1.9028381930597864,True,True,True,0,4.29,1.42,9.571,690.052
2025-08-20 20:58:16,17.0,0.0015,69.44,0.0338443,0.0602993,0.0015750614535953,20935316.648243416,/case/fea/auto_run_20250820_205816,from simpleFoam.log,1.7816678140253552,True,True,True,0,15.75,2.99,8.425,679.065
2025-08-20 20:58:27,17.0,0.002,69.44,0.0338443,0.0602993,0.0009125577108066,15315906.599582149,/case/fea/auto_run_20250820_205827,from simpleFoam.log,1.7816678140253552,True,True,True,0,9.13,2.19,9.087,684.684
2025-08-20 20:58:30,17.0,0.0025,69.44,0.0338443,0.0602993,0.0005915859413661,11889930.270448351,/case/fea/auto_run_20250820_205830,from simpleFoam.log,1.7816678140253552,True,True,True,0,5.92,1.7,9.408,688.11
2025-08-20 20:58:41,17.0,0.003,69.44,0.0338443,0.0602993,0.000412921048494,9599220.4897129,/case/fea/auto_run_20250820_205841,from simpleFoam.log,1.7816678140253552,True,True,True,0,4.13,1.37,9.587,690.401
2025-08-20 20:47:08,16.0,0.0025,69.44,0.0342121,0.0570893,0.0005703699995506,11481648.390142243,/case/fea/auto_run_20250820_204707,from simpleFoam.log,1.6686873941772447,True,True,True,0,5.7,1.64,9.43,688.518
2025-08-20 20:58:14,16.0,0.0015,69.44,0.0342121,0.0570893,0.0015190950120503,20214625.8554833,/case/fea/auto_run_20250820_205814,from simpleFoam.log,1.6686873941772447,True,True,True,0,15.19,2.89,8.481,679.785
2025-08-20 20:58:25,16.0,0.002,69.44,0.0342121,0.0570893,0.0008799757028859,14789245.388823695,/case/fea/auto_run_20250820_205825,from simpleFoam.log,1.6686873941772447,True,True,True,0,8.8,2.11,9.12,685.211
2025-08-20 20:58:39,16.0,0.003,69.44,0.0342121,0.0570893,0.0003980502003489,9270113.774632432,/case/fea/auto_run_20250820_205839,from simpleFoam.log,1.6686873941772447,True,True,True,0,3.98,1.32,9.602,690.73
2025-08-20 20:47:06,15.0,0.0025,69.44,0.0345735,0.0540141,0.0005501515986326,11092856.938228402,/case/fea/auto_run_20250820_204706,from simpleFoam.log,1.5622977135215614,True,True,True,0,5.5,1.58,9.45,688.907
2025-08-20 20:58:13,15.0,0.0015,69.44,0.0345735,0.0540141,0.0014657697006508,19528325.49566708,/case/fea/auto_run_20250820_205812,from simpleFoam.log,1.5622977135215614,True,True,True,0,14.66,2.79,8.534,680.472
2025-08-20 20:58:24,15.0,0.002,69.44,0.0345735,0.0540141,0.000848928664123,14287714.306832042,/case/fea/auto_run_20250820_205824,from simpleFoam.log,1.5622977135215614,True,True,True,0,8.49,2.04,9.151,685.712
2025-08-20 20:58:38,15.0,0.003,69.44,0.0345735,0.0540141,0.0003838771783203,8956722.534321412,/case/fea/auto_run_20250820_205838,from simpleFoam.log,1.5622977135215614,True,True,True,0,3.84,1.28,9.616,691.043
2025-08-20 20:47:04,14.0,0.0025,69.44,0.0349232,0.0510296,0.0005304668195096,10714378.546263522,/case/fea/auto_run_20250820_204704,from simpleFoam.log,1.4611948503727838,True,True,True,0,5.3,1.53,9.47,689.286
2025-08-20 20:58:11,14.0,0.0015,69.44,0.0349232,0.0510296,0.0014138544573364,18860234.079216488,/case/fea/auto_run_20250820_205811,from simpleFoam.log,1.4611948503727838,True,True,True,0,14.14,2.69,8.586,681.14
2025-08-20 20:58:22,14.0,0.002,69.44,0.0349232,0.0510296,0.0008187016616916,13799484.480301574,/case/fea/auto_run_20250820_205822,from simpleFoam.log,1.4611948503727838,True,True,True,0,8.19,1.97,9.181,686.201
2025-08-20 20:58:36,14.0,0.003,69.44,0.0349232,0.0510296,0.000370077870602,8651643.52172372,/case/fea/auto_run_20250820_205836,from simpleFoam.log,1.4611948503727838,True,True,True,0,3.7,1.24,9.63,691.348
2025-08-20 20:47:03,13.0,0.0025,69.44,0.0352596,0.0481143,0.0005112874661152,10345651.51148027,/case/fea/auto_run_20250820_204703,from simpleFoam.log,1.3645730524065907,True,True,True,0,5.11,1.48,9.489,689.654
2025-08-20 20:58:09,13.0,0.0015,69.44,0.0352596,0.0481143,0.0013632762895878,18209367.75361267,/case/fea/auto_run_20250820_205809,from simpleFoam.log,1.3645730524065907,True,True,True,0,13.63,2.6,8.637,681.791
2025-08-20 20:58:21,13.0,0.002,69.44,0.0352596,0.0481143,0.0007892523009326,13323850.13743156,/case/fea/auto_run_20250820_205820,from simpleFoam.log,1.3645730524065907,True,True,True,0,7.89,1.9,9.211,686.676
2025-08-20 20:58:35,13.0,0.003,69.44,0.0352596,0.0481143,0.0003566321801998,8354422.895309466,/case/fea/auto_run_20250820_205835,from simpleFoam.log,1.3645730524065907,True,True,True,0,3.57,1.19,9.643,691.646
2025-08-19 13:28:37,12.0,0.0025,69.44,0.0355826,0.0452557,0.0004923681158113,9981825.298008025,/case/fea/auto_run_20250819_132837,from simpleFoam.log,1.2718491621952346,True,True,True,0,4.92,1.43,9.508,690.018
2025-08-19 15:12:35,12.0,0.0025,69.44,0.0355826,0.0452557,0.0004923681158113,9981825.298008025,/case/fea/auto_run_20250819_151235,config-stamp | from simpleFoam.log,1.2718491621952346,True,True,True,0,4.92,1.43,9.508,690.018
2025-08-19 15:27:12,12.0,0.0025,69.44,0.0355826,0.0452557,0.0004923681158113,9981825.298008025,/case/fea/auto_run_20250819_152712,config-auto | from simpleFoam.log,1.2718491621952346,True,True,True,0,4.92,1.43,9.508,690.018
2025-08-19 15:42:17,12.0,0.0025,69.44,0.0355826,0.0452557,0.0004923681158113,9981825.298008025,/case/fea/auto_run_20250819_154217,sanity-after-patch | from simpleFoam.log,1.2718491621952346,True,True,True,0,4.92,1.43,9.508,690.018
2025-08-20 20:58:08,12.0,0.0015,69.44,0.0355826,0.0452557,0.0013133781370083,17567156.49303922,/case/fea/auto_run_20250820_205808,from simpleFoam.log,1.2718491621952346,True,True,True,0,13.13,2.51,8.687,682.433
2025-08-20 20:58:19,12.0,0.002,69.44,0.0355826,0.0452557,0.0007602002464034,12854536.601637335,/case/fea/auto_run_20250820_205819,from simpleFoam.log,1.2718491621952346,True,True,True,0,7.6,1.84,9.24,687.145
2025-08-20 20:58:33,12.0,0.003,69.44,0.0355826,0.0452557,0.0003433696917784,8061149.443305898,/case/fea/auto_run_20250820_205833,from simpleFoam.log,1.2718491621952346,True,True,True,0,3.43,1.15,9.657,691.939
2025-08-25 09:23:41,12.0,0.0025,69.44,0.0355826,0.0452557,0.0004923681158113,9981825.298008025,/case/fea/auto_run_20250825_092341,gurney=0mm | from simpleFoam.log,1.2718491621952346,True,True,True,0,4.92,1.43,9.508,690.018
2025-08-25 09:23:43,12.0,0.0025,69.44,0.0355826,0.0452557,0.0004923681158113,9981825.298008025,/case/fea/auto_run_20250825_092343,gurney=5mm | from simpleFoam.log,1.2718491621952346,True,True,True,0,4.92,1.43,9.508,690.018
2025-08-25 09:23:45,12.0,0.0025,69.44,0.0355826,0.0452557,0.0004923681158113,9981825.298008025,/case/fea/auto_run_20250825_092344,gurney=10mm | from simpleFoam.log,1.2718491621952346,True,True,True,0,4.92,1.43,9.508,690.018
2025-08-20 20:47:01,11.0,0.0025,69.44,0.0358965,0.0424504,0.0004738212007628,9625127.247615589,/case/fea/auto_run_20250820_204701,from simpleFoam.log,1.1825776885996524,True,True,True,0,4.74,1.38,9.526,690.375
2025-08-20 20:47:00,10.0,0.0025,69.44,0.0362006,0.0396861,0.0004554246853966,9271202.904901551,/case/fea/auto_run_20250820_204659,from simpleFoam.log,1.096282934506713,True,True,True,0,4.55,1.32,9.545,690.729
2025-08-19 13:08:15,9.0,0.0025,69.44,0.0364894,0.0369534,0.0004372164844863,8920894.27521249,/case/fea/auto_run_20250819_130815,from simpleFoam.log,1.0127160216114073,True,True,True,0,4.37,1.27,9.563,691.079
2025-08-19 13:29:58,9.0,0.002,69.44,0.0364894,0.0369534,0.0006755135611662,11486038.807183268,/case/fea/auto_run_20250819_132958,from simpleFoam.log,1.0127160216114073,True,True,True,0,6.76,1.64,9.324,688.514
2025-08-19 13:29:59,9.0,0.0025,69.44,0.0364894,0.0369534,0.0004372164844863,8920894.27521249,/case/fea/auto_run_20250819_132959,from simpleFoam.log,1.0127160216114073,True,True,True,0,4.37,1.27,9.563,691.079
2025-08-19 13:30:01,9.0,0.003,69.44,0.0364894,0.0369534,0.0003047063146739,7205914.474401496,/case/fea/auto_run_20250819_133001,from simpleFoam.log,1.0127160216114073,True,True,True,0,3.05,1.03,9.695,692.794
2025-08-19 13:33:50,9.0,0.002,69.44,0.0364894,0.0369534,0.0006755135611662,11486038.807183268,/case/fea/auto_run_20250819_133349,from simpleFoam.log,1.0127160216114073,True,True,True,0,6.76,1.64,9.324,688.514
2025-08-19 13:33:51,9.0,0.0025,69.44,0.0364894,0.0369534,0.0004372164844863,8920894.27521249,/case/fea/auto_run_20250819_133351,from simpleFoam.log,1.0127160216114073,True,True,True,0,4.37,1.27,9.563,691.079
2025-08-19 13:33:53,9.0,0.003,69.44,0.0364894,0.0369534,0.0003047063146739,7205914.474401496,/case/fea/auto_run_20250819_133352,from simpleFoam.log,1.0127160216114073,True,True,True,0,3.05,1.03,9.695,692.794
2025-08-19 13:45:47,9.0,0.002,69.44,0.0364894,0.0369534,0.0006755135611662,11486038.807183268,/case/fea/auto_run_20250819_134547,from simpleFoam.log,1.0127160216114073,True,True,True,0,6.76,1.64,9.324,688.514
2025-08-19 13:45:48,9.0,0.0025,69.44,0.0364894,0.0369534,0.0004372164844863,8920894.27521249,/case/fea/auto_run_20250819_134548,from simpleFoam.log,1.0127160216114073,True,True,True,0,4.37,1.27,9.563,691.079
2025-08-19 13:45:50,9.0,0.003,69.44,0.0364894,0.0369534,0.0003047063146739,7205914.474401496,/case/fea/auto_run_20250819_134550,from simpleFoam.log,1.0127160216114073,True,True,True,0,3.05,1.03,9.695,692.794
2025-08-20 20:46:58,8.0,0.0025,69.44,0.0367621,0.0342451,0.0004190927914059,8572076.81428538,/case/fea/auto_run_20250820_204658,from simpleFoam.log,0.9315327470157708,True,True,True,0,4.19,1.22,9.581,691.428
2025-08-20 20:46:57,7.0,0.0025,69.44,0.0370192,0.0315613,0.0004010597157923,8224860.039557694,/case/fea/auto_run_20250820_204656,from simpleFoam.log,0.8525656956159894,True,True,True,0,4.01,1.17,9.599,691.775
2025-08-19 13:05:03,6.0,0.0025,69.44,0.0372583,0.0288913,0.000383076838511,7878537.31266699,/case/fea/auto_run_20250819_130503,from simpleFoam.log,0.7754325881541715,True,True,True,0,3.83,1.13,9.617,692.121
2025-08-19 13:29:54,6.0,0.002,69.44,0.0372583,0.0288913,0.0005923770870562,10141579.013929192,/case/fea/auto_run_20250819_132953,from simpleFoam.log,0.7754325881541715,True,True,True,0,5.92,1.45,9.408,689.858
2025-08-19 13:29:55,6.0,0.0025,69.44,0.0372583,0.0288913,0.000383076838511,7878537.31266699,/case/fea/auto_run_20250819_132955,from simpleFoam.log,0.7754325881541715,True,True,True,0,3.83,1.13,9.617,692.121
2025-08-19 13:29:56,6.0,0.003,69.44,0.0372583,0.0288913,0.000266753611225,6365598.883633985,/case/fea/auto_run_20250819_132956,from simpleFoam.log,0.7754325881541715,True,True,True,0,2.67,0.91,9.733,693.634
2025-08-19 13:33:45,6.0,0.002,69.44,0.0372583,0.0288913,0.0005923770870562,10141579.013929192,/case/fea/auto_run_20250819_133345,from simpleFoam.log,0.7754325881541715,True,True,True,0,5.92,1.45,9.408,689.858
2025-08-19 13:33:47,6.0,0.0025,69.44,0.0372583,0.0288913,0.000383076838511,7878537.31266699,/case/fea/auto_run_20250819_133347,from simpleFoam.log,0.7754325881541715,True,True,True,0,3.83,1.13,9.617,692.121
2025-08-19 13:33:48,6.0,0.003,69.44,0.0372583,0.0288913,0.000266753611225,6365598.883633985,/case/fea/auto_run_20250819_133348,from simpleFoam.log,0.7754325881541715,True,True,True,0,2.67,0.91,9.733,693.634
2025-08-19 13:41:13,6.0,0.003,69.44,0.0372583,0.0288913,0.000266753611225,6365598.883633985,/case/fea/auto_run_20250819_134113,from simpleFoam.log,0.7754325881541715,True,True,True,0,2.67,0.91,9.733,693.634
2025-08-19 13:45:42,6.0,0.002,69.44,0.0372583,0.0288913,0.0005923770870562,10141579.013929192,/case/fea/auto_run_20250819_134542,from simpleFoam.log,0.7754325881541715,True,True,True,0,5.92,1.45,9.408,689.858
2025-08-19 13:45:44,6.0,0.0025,69.44,0.0372583,0.0288913,0.000383076838511,7878537.31266699,/case/fea/auto_run_20250819_134544,from simpleFoam.log,0.7754325881541715,True,True,True,0,3.83,1.13,9.617,692.121
2025-08-19 13:45:45,6.0,0.003,69.44,0.0372583,0.0288913,0.000266753611225,6365598.883633985,/case/fea/auto_run_20250819_134545,from simpleFoam.log,0.7754325881541715,True,True,True,0,2.67,0.91,9.733,693.634
2025-08-20 20:46:55,5.0,0.0025,69.44,0.0374795,0.0262343,0.0003651250652076,7532707.99079136,/case/fea/auto_run_20250820_204655,from simpleFoam.log,0.6999639802905598,True,True,True,0,3.65,1.08,9.635,692.467
2025-08-20 20:46:53,4.0,0.0025,69.44,0.0376862,0.0236136,0.0003473953130897,7190989.077925158,/case/fea/auto_run_20250820_204653,from simpleFoam.log,0.6265847976015999,True,True,True,0,3.47,1.03,9.653,692.809
2025-08-19 13:29:49,3.0,0.002,69.44,0.0378741,0.0210018,0.0005103260925492,8813462.221235875,/case/fea/auto_run_20250819_132949,from simpleFoam.log,0.5545161469037017,True,True,True,0,5.1,1.26,9.49,691.187
2025-08-19 13:29:51,3.0,0.0025,69.44,0.0378741,0.0210018,0.000329650367243,6848799.819870325,/case/fea/auto_run_20250819_132951,from simpleFoam.log,0.5545161469037017,True,True,True,0,3.3,0.98,9.67,693.151
2025-08-19 13:29:52,3.0,0.003,69.44,0.0378741,0.0210018,0.0002293048835146,5535417.309975251,/case/fea/auto_run_20250819_132952,from simpleFoam.log,0.5545161469037017,True,True,True,0,2.29,0.79,9.771,694.465
2025-08-19 13:33:41,3.0,0.002,69.44,0.0378741,0.0210018,0.0005103260925492,8813462.221235875,/case/fea/auto_run_20250819_133341,from simpleFoam.log,0.5545161469037017,True,True,True,0,5.1,1.26,9.49,691.187
2025-08-19 13:33:42,3.0,0.0025,69.44,0.0378741,0.0210018,0.000329650367243,6848799.819870325,/case/fea/auto_run_20250819_133342,from simpleFoam.log,0.5545161469037017,True,True,True,0,3.3,0.98,9.67,693.151
2025-08-19 13:33:44,3.0,0.003,69.44,0.0378741,0.0210018,0.0002293048835146,5535417.309975251,/case/fea/auto_run_20250819_133344,from simpleFoam.log,0.5545161469037017,True,True,True,0,2.29,0.79,9.771,694.465
2025-08-19 13:45:38,3.0,0.002,69.44,0.0378741,0.0210018,0.0005103260925492,8813462.221235875,/case/fea/auto_run_20250819_134537,from simpleFoam.log,0.5545161469037017,True,True,True,0,5.1,1.26,9.49,691.187
2025-08-19 13:45:39,3.0,0.0025,69.44,0.0378741,0.0210018,0.000329650367243,6848799.819870325,/case/fea/auto_run_20250819_134539,from simpleFoam.log,0.5545161469037017,True,True,True,0,3.3,0.98,9.67,693.151
2025-08-19 13:45:41,3.0,0.003,69.44,0.0378741,0.0210018,0.0002293048835146,5535417.309975251,/case/fea/auto_run_20250819_134540,from simpleFoam.log,0.5545161469037017,True,True,True,0,2.29,0.79,9.771,694.465
2025-08-15 22:59:03,3.0,0.0025,69.44,0.0383373,0.0131553,8.15630158397366e-05,1304008.0,/case/fea/auto_run_20250815_225903,,0.3431462309462809,True,True,True,0,0.82,0.19,9.918,698.696
2025-08-15 23:22:36,3.0,0.0025,69.44,0.0383373,0.0131553,8.15630158397366e-05,1304008.0,/case/fea/auto_run_20250815_232236,,0.3431462309462809,True,True,True,0,0.82,0.19,9.918,698.696
2025-08-17 12:47:40,3.0,0.0025,69.44,0.0383373,0.0131553,8.15630158397366e-05,1304008.0,/case/fea/auto_run_20250817_124740,,0.3431462309462809,True,True,True,0,0.82,0.19,9.918,698.696
2025-08-18 20:28:54,3.0,0.0025,69.44,0.0383373,0.0131553,0.0002759515073555,5812563.364325619,/case/fea/auto_run_20250818_202854,from simpleFoam.log,0.3431462309462809,True,True,True,0,2.76,0.83,9.724,694.187
2025-08-18 22:26:58,3.0,0.0025,69.44,0.0383373,0.0131553,0.0002759515073555,5812563.364325619,/case/fea/auto_run_20250818_222658,from simpleFoam.log,0.3431462309462809,True,True,True,0,2.76,0.83,9.724,694.187
2025-08-19 12:57:00,3.0,0.0025,69.44,0.0383373,0.0131553,0.0002759515073555,5812563.364325619,/case/fea/auto_run_20250819_125700,from simpleFoam.log,0.3431462309462809,True,True,True,0,2.76,0.83,9.724,694.187
2025-08-19 13:01:43,6.0,0.0025,69.44,0.0383373,0.0131553,0.0002759515073555,5812563.364325619,/case/fea/auto_run_20250819_130143,from simpleFoam.log,0.3431462309462809,True,True,True,0,2.76,0.83,9.724,694.187
2025-08-19 13:29:45,0.0,0.002,69.44,0.0383373,0.0131553,0.0004296643050485,7477044.480870418,/case/fea/auto_run_20250819_132945,from simpleFoam.log,0.3431462309462809,True,True,True,0,4.3,1.07,9.57,692.523
2025-08-19 13:29:46,0.0,0.0025,69.44,0.0383373,0.0131553,0.0002759515073555,5812563.364325619,/case/fea/auto_run_20250819_132946,from simpleFoam.log,0.3431462309462809,True,True,True,0,2.76,0.83,9.724,694.187
2025-08-19 13:29:48,0.0,0.003,69.44,0.0383373,0.0131553,0.0001916693808366,4699943.335719754,/case/fea/auto_run_20250819_132948,from simpleFoam.log,0.3431462309462809,True,True,True,0,1.92,0.67,9.808,695.3
2025-08-19 13:33:37,0.0,0.002,69.44,0.0383373,0.0131553,0.0004296643050485,7477044.480870418,/case/fea/auto_run_20250819_133336,from simpleFoam.log,0.3431462309462809,True,True,True,0,4.3,1.07,9.57,692.523
2025-08-19 13:33:38,0.0,0.0025,69.44,0.0383373,0.0131553,0.0002759515073555,5812563.364325619,/case/fea/auto_run_20250819_133338,from simpleFoam.log,0.3431462309462809,True,True,True,0,2.76,0.83,9.724,694.187
2025-08-19 13:33:40,0.0,0.003,69.44,0.0383373,0.0131553,0.0001916693808366,4699943.335719754,/case/fea/auto_run_20250819_133339,from simpleFoam.log,0.3431462309462809,True,True,True,0,1.92,0.67,9.808,695.3
2025-08-19 13:45:33,0.0,0.002,69.44,0.0383373,0.0131553,0.0004296643050485,7477044.480870418,/case/fea/auto_run_20250819_134533,from simpleFoam.log,0.3431462309462809,True,True,True,0,4.3,1.07,9.57,692.523
2025-08-19 13:45:34,0.0,0.0025,69.44,0.0383373,0.0131553,0.0002759515073555,5812563.364325619,/case/fea/auto_run_20250819_134534,from simpleFoam.log,0.3431462309462809,True,True,True,0,2.76,0.83,9.724,694.187
2025-08-19 13:45:36,0.0,0.003,69.44,0.0383373,0.0131553,0.0001916693808366,4699943.335719754,/case/fea/auto_run_20250819_134536,from simpleFoam.log,0.3431462309462809,True,True,True,0,1.92,0.67,9.808,695.3
2025-08-25 11:38:21,12.0,0.0025,69.44,0.0759299,-0.000186461,0.0012485329269751,28564298.62041013,/case/fea/auto_run_20250825_113821,baseline (pitch-XZ) | from simpleFoam.log,-0.00245569926995221,True,True,True,0,12.49,4.08,8.751,671.436
2025-08-25 11:41:12,12.0,0.0025,69.44,0.0759299,-0.000186461,0.0012485329269751,28564298.62041013,/case/fea/auto_run_20250825_114111,baseline (refs+dirs locked) | from simpleFoam.log,-0.00245569926995221,True,True,True,0,12.49,4.08,8.751,671.436
2025-08-25 11:43:59,18.0,0.0025,69.44,0.145191,-0.000899586,6.828798837784431e-05,3752673.3442926058,/case/fea/auto_run_20250825_114359,baseline (pitch-XZ AoA18) | from simpleFoam.log,-0.006195879909869097,True,True,True,0,0.68,0.54,9.932,696.247
2025-08-25 10:52:59,12.0,0.0025,69.44,0.0718015,-0.000825828,1.739141857768508e-05,1506616.4565810736,/case/fea/auto_run_20250825_105259,"gurney=15mm,thick≈3mm (liftDir-down) | from simpleFoam.log",-0.011501542446724628,True,True,True,0,0.17,0.22,9.983,698.493
2025-08-25 11:38:29,12.0,0.0025,69.44,0.0763307,-0.000896602,2.0123436273294502e-05,1786163.8975908146,/case/fea/auto_run_20250825_113829,"gurney=15mm,thick≈3mm (pitch-XZ) | from simpleFoam.log",-0.011746282950218637,True,True,True,0,0.2,0.26,9.98,698.214
2025-08-25 10:47:37,12.0,0.0025,69.44,0.0718015,-0.170472,1.739141857768508e-05,1506616.4565810736,/case/fea/auto_run_20250825_104737,"gurney=15mm,thick≈3mm (meshed) | from simpleFoam.log",-2.3742122378728268,True,True,True,0,0.17,0.22,9.983,698.493
2025-08-25 12:12:57,12.0,0.0025,69.44,0.072614,0.263675,533578.4118294975,12453963.609109145,/case/fea/auto_run_20250825_121254,"gurney=5mm (XY,-Y) + TEref | from simpleFoam.log",3.6311868234275595,False,True,False,1,5335784118.29,1.78,-533578401.829,687.546
2025-08-25 12:27:33,12.0,0.0025,69.44,0.0771651,0.257498,2659951.002782758,12028451.127106136,/case/fea/auto_run_20250825_122730,"gurney=10mm (pressure-side, XY,-Y) + TEref | from simpleFoam.log",3.3369748759045605,False,True,False,1,26599510027.83,1.72,-2659950992.783,687.972
2025-08-15 21:27:32,3.0,0.0025,69.44,0.0383373,0.0131553,,,/case/fea/auto_run_20250815_212731,,0.3431462309462809,False,False,False,1,,,,
2025-08-15 22:15:29,3.0,0.0025,69.44,0.0383373,0.0131553,,,/case/fea/auto_run_20250815_221529,,0.3431462309462809,False,False,False,1,,,,
2025-08-15 22:28:23,3.0,0.0025,69.44,0.0383373,0.0131553,,,/case/fea/auto_run_20250815_222823,,0.3431462309462809,False,False,False,1,,,,
2025-08-15 22:34:45,3.0,0.0025,69.44,0.0383373,0.0131553,,,/case/fea/auto_run_20250815_223445,,0.3431462309462809,False,False,False,1,,,,
2025-08-15 22:45:30,3.0,0.0025,69.44,0.0383373,0.0131553,,,/case/fea/auto_run_20250815_224530,,0.3431462309462809,False,False,False,1,,,,
2025-08-25 15:27:42,16.0,0.0025,69.44,-69150000000.0,20983300000.0,21431011.609608855,5.845732661369128e+18,/case/fea/auto_run_20250825_152735,"gurney=3mm suction-side (XY,-Y) + TEref | from simpleFoam.log",0.3034461315979754,False,False,False,1,214310116096.09,835104665909.88,-21431011599.609,-5845732660669.128
