timestamp,aoa_deg,thickness_m,speed_mps,Cd,Cl,max_disp_m,max_stress_Pa,fea_outbase,config_path,config_hash,config_meta,notes
2025-08-15 21:27:32,3.0,0.0025,69.44,0.0383373,0.0131553,,,/case/fea/auto_run_20250815_212731,,,,
2025-08-15 22:15:29,3.0,0.0025,69.44,0.0383373,0.0131553,,,/case/fea/auto_run_20250815_221529,,,,
2025-08-15 22:28:23,3.0,0.0025,69.44,0.0383373,0.0131553,,,/case/fea/auto_run_20250815_222823,,,,
2025-08-15 22:34:45,3.0,0.0025,69.44,0.0383373,0.0131553,,,/case/fea/auto_run_20250815_223445,,,,
2025-08-15 22:45:30,3.0,0.0025,69.44,0.0383373,0.0131553,,,/case/fea/auto_run_20250815_224530,,,,
2025-08-15 22:59:03,3.0,0.0025,69.44,0.0383373,0.0131553,8.15630158397366e-05,1304008.0,/case/fea/auto_run_20250815_225903,,,,
2025-08-15 23:22:36,3.0,0.0025,69.44,0.0383373,0.0131553,8.15630158397366e-05,1304008.0,/case/fea/auto_run_20250815_232236,,,,
2025-08-17 12:47:40,3.0,0.0025,69.44,0.0383373,0.0131553,8.15630158397366e-05,1304008.0,/case/fea/auto_run_20250817_124740,,,,
20250817_140124,3.0,0.0025,,,,,fea/auto_run_20250817_140124,,,,,
20250817_152305,3.0,0.0025,,,,,fea/auto_run_20250817_152305,,,,,
20250817_161834,3.0,0.0025,,,,,fea/auto_run_20250817_161834,,,,,
20250818_164044,3.0,0.0025,,,,,fea/auto_run_20250818_164044,,,,,
2025-08-18 20:28:54,3.0,0.0025,69.44,0.0383373,0.0131553,0.00027595150735554546,5812563.364325619,/case/fea/auto_run_20250818_202854,,,,from simpleFoam.log
2025-08-18 22:26:58,3.0,0.0025,69.44,0.0383373,0.0131553,0.00027595150735554546,5812563.364325619,/case/fea/auto_run_20250818_222658,,,,from simpleFoam.log
2025-08-19 12:57:00,3.0,0.0025,69.44,0.0383373,0.0131553,0.00027595150735554546,5812563.364325619,/case/fea/auto_run_20250819_125700,,,,from simpleFoam.log
2025-08-19 13:01:43,6.0,0.0025,69.44,0.0383373,0.0131553,0.00027595150735554546,5812563.364325619,/case/fea/auto_run_20250819_130143,,,,from simpleFoam.log
2025-08-19 13:05:03,6.0,0.0025,69.44,0.0372583,0.0288913,0.00038307683851108315,7878537.31266699,/case/fea/auto_run_20250819_130503,,,,from simpleFoam.log
2025-08-19 13:08:15,9.0,0.0025,69.44,0.0364894,0.0369534,0.00043721648448637304,8920894.27521249,/case/fea/auto_run_20250819_130815,,,,from simpleFoam.log
2025-08-19 13:28:37,12.0,0.0025,69.44,0.0355826,0.0452557,0.0004923681158113124,9981825.298008025,/case/fea/auto_run_20250819_132837,,,,from simpleFoam.log
2025-08-19 13:29:45,0.0,0.002,69.44,0.0383373,0.0131553,0.0004296643050485553,7477044.480870418,/case/fea/auto_run_20250819_132945,,,,from simpleFoam.log
2025-08-19 13:29:46,0.0,0.0025,69.44,0.0383373,0.0131553,0.00027595150735554546,5812563.364325619,/case/fea/auto_run_20250819_132946,,,,from simpleFoam.log
2025-08-19 13:29:48,0.0,0.003,69.44,0.0383373,0.0131553,0.00019166938083669288,4699943.335719754,/case/fea/auto_run_20250819_132948,,,,from simpleFoam.log
2025-08-19 13:29:49,3.0,0.002,69.44,0.0378741,0.0210018,0.0005103260925492537,8813462.221235875,/case/fea/auto_run_20250819_132949,,,,from simpleFoam.log
2025-08-19 13:29:51,3.0,0.0025,69.44,0.0378741,0.0210018,0.00032965036724300214,6848799.819870325,/case/fea/auto_run_20250819_132951,,,,from simpleFoam.log
2025-08-19 13:29:52,3.0,0.003,69.44,0.0378741,0.0210018,0.00022930488351464114,5535417.309975251,/case/fea/auto_run_20250819_132952,,,,from simpleFoam.log
2025-08-19 13:29:54,6.0,0.002,69.44,0.0372583,0.0288913,0.0005923770870562427,10141579.013929192,/case/fea/auto_run_20250819_132953,,,,from simpleFoam.log
2025-08-19 13:29:55,6.0,0.0025,69.44,0.0372583,0.0288913,0.00038307683851108315,7878537.31266699,/case/fea/auto_run_20250819_132955,,,,from simpleFoam.log
2025-08-19 13:29:56,6.0,0.003,69.44,0.0372583,0.0288913,0.00026675361122507847,6365598.883633985,/case/fea/auto_run_20250819_132956,,,,from simpleFoam.log
2025-08-19 13:29:58,9.0,0.002,69.44,0.0364894,0.0369534,0.0006755135611662001,11486038.807183268,/case/fea/auto_run_20250819_132958,,,,from simpleFoam.log
2025-08-19 13:29:59,9.0,0.0025,69.44,0.0364894,0.0369534,0.00043721648448637304,8920894.27521249,/case/fea/auto_run_20250819_132959,,,,from simpleFoam.log
2025-08-19 13:30:01,9.0,0.003,69.44,0.0364894,0.0369534,0.0003047063146739676,7205914.474401496,/case/fea/auto_run_20250819_133001,,,,from simpleFoam.log
2025-08-19 13:33:37,0.0,0.002,69.44,0.0383373,0.0131553,0.0004296643050485553,7477044.480870418,/case/fea/auto_run_20250819_133336,,,,from simpleFoam.log
2025-08-19 13:33:38,0.0,0.0025,69.44,0.0383373,0.0131553,0.00027595150735554546,5812563.364325619,/case/fea/auto_run_20250819_133338,,,,from simpleFoam.log
2025-08-19 13:33:40,0.0,0.003,69.44,0.0383373,0.0131553,0.00019166938083669288,4699943.335719754,/case/fea/auto_run_20250819_133339,,,,from simpleFoam.log
2025-08-19 13:33:41,3.0,0.002,69.44,0.0378741,0.0210018,0.0005103260925492537,8813462.221235875,/case/fea/auto_run_20250819_133341,,,,from simpleFoam.log
2025-08-19 13:33:42,3.0,0.0025,69.44,0.0378741,0.0210018,0.00032965036724300214,6848799.819870325,/case/fea/auto_run_20250819_133342,,,,from simpleFoam.log
2025-08-19 13:33:44,3.0,0.003,69.44,0.0378741,0.0210018,0.00022930488351464114,5535417.309975251,/case/fea/auto_run_20250819_133344,,,,from simpleFoam.log
2025-08-19 13:33:45,6.0,0.002,69.44,0.0372583,0.0288913,0.0005923770870562427,10141579.013929192,/case/fea/auto_run_20250819_133345,,,,from simpleFoam.log
2025-08-19 13:33:47,6.0,0.0025,69.44,0.0372583,0.0288913,0.00038307683851108315,7878537.31266699,/case/fea/auto_run_20250819_133347,,,,from simpleFoam.log
2025-08-19 13:33:48,6.0,0.003,69.44,0.0372583,0.0288913,0.00026675361122507847,6365598.883633985,/case/fea/auto_run_20250819_133348,,,,from simpleFoam.log
2025-08-19 13:33:50,9.0,0.002,69.44,0.0364894,0.0369534,0.0006755135611662001,11486038.807183268,/case/fea/auto_run_20250819_133349,,,,from simpleFoam.log
2025-08-19 13:33:51,9.0,0.0025,69.44,0.0364894,0.0369534,0.00043721648448637304,8920894.27521249,/case/fea/auto_run_20250819_133351,,,,from simpleFoam.log
2025-08-19 13:33:53,9.0,0.003,69.44,0.0364894,0.0369534,0.0003047063146739676,7205914.474401496,/case/fea/auto_run_20250819_133352,,,,from simpleFoam.log
2025-08-19 13:41:13,6.0,0.003,69.44,0.0372583,0.0288913,0.00026675361122507847,6365598.883633985,/case/fea/auto_run_20250819_134113,,,,from simpleFoam.log
2025-08-19 13:45:33,0.0,0.002,69.44,0.0383373,0.0131553,0.0004296643050485553,7477044.480870418,/case/fea/auto_run_20250819_134533,,,,from simpleFoam.log
2025-08-19 13:45:34,0.0,0.0025,69.44,0.0383373,0.0131553,0.00027595150735554546,5812563.364325619,/case/fea/auto_run_20250819_134534,,,,from simpleFoam.log
2025-08-19 13:45:36,0.0,0.003,69.44,0.0383373,0.0131553,0.00019166938083669288,4699943.335719754,/case/fea/auto_run_20250819_134536,,,,from simpleFoam.log
2025-08-19 13:45:38,3.0,0.002,69.44,0.0378741,0.0210018,0.0005103260925492537,8813462.221235875,/case/fea/auto_run_20250819_134537,,,,from simpleFoam.log
2025-08-19 13:45:39,3.0,0.0025,69.44,0.0378741,0.0210018,0.00032965036724300214,6848799.819870325,/case/fea/auto_run_20250819_134539,,,,from simpleFoam.log
2025-08-19 13:45:41,3.0,0.003,69.44,0.0378741,0.0210018,0.00022930488351464114,5535417.309975251,/case/fea/auto_run_20250819_134540,,,,from simpleFoam.log
2025-08-19 13:45:42,6.0,0.002,69.44,0.0372583,0.0288913,0.0005923770870562427,10141579.013929192,/case/fea/auto_run_20250819_134542,,,,from simpleFoam.log
2025-08-19 13:45:44,6.0,0.0025,69.44,0.0372583,0.0288913,0.00038307683851108315,7878537.31266699,/case/fea/auto_run_20250819_134544,,,,from simpleFoam.log
2025-08-19 13:45:45,6.0,0.003,69.44,0.0372583,0.0288913,0.00026675361122507847,6365598.883633985,/case/fea/auto_run_20250819_134545,,,,from simpleFoam.log
2025-08-19 13:45:47,9.0,0.002,69.44,0.0364894,0.0369534,0.0006755135611662001,11486038.807183268,/case/fea/auto_run_20250819_134547,,,,from simpleFoam.log
2025-08-19 13:45:48,9.0,0.0025,69.44,0.0364894,0.0369534,0.00043721648448637304,8920894.27521249,/case/fea/auto_run_20250819_134548,,,,from simpleFoam.log
2025-08-19 13:45:50,9.0,0.003,69.44,0.0364894,0.0369534,0.0003047063146739676,7205914.474401496,/case/fea/auto_run_20250819_134550,,,,from simpleFoam.log
2025-08-19 13:58:07,12.0,0.0025,50.0,0.0184892,0.0234634,0.00025525350735940963,5174812.450599756,/case/fea/auto_run_20250819_135807,,,,from simpleFoam.log
2025-08-19 13:58:08,12.0,0.0025,80.0,0.0471907,0.0600673,0.0006535348407633678,13249140.329475306,/case/fea/auto_run_20250819_135808,,,,from simpleFoam.log
2025-08-19 13:58:10,12.0,0.0025,100.0,0.0736562,0.0938574,0.0010212176262752635,20703124.758826625,/case/fea/auto_run_20250819_135810,,,,from simpleFoam.log
2025-08-19 14:00:31,12.0,0.0015,100.0,0.0736562,0.0938574,0.002724067273737565,36435744.07831652,/case/fea/auto_run_20250819_140031,,,,from simpleFoam.log
2025-08-19 14:00:33,12.0,0.002,100.0,0.0736562,0.0938574,0.0015767263252272166,26661366.29694238,/case/fea/auto_run_20250819_140033,,,,from simpleFoam.log
2025-08-19 14:00:35,12.0,0.0025,100.0,0.0736562,0.0938574,0.0010212176262752635,20703124.758826625,/case/fea/auto_run_20250819_140035,,,,from simpleFoam.log
2025-08-19 14:00:37,12.0,0.003,100.0,0.0736562,0.0938574,0.0007121808959385717,16719477.581601316,/case/fea/auto_run_20250819_140037,,,,from simpleFoam.log
2025-08-19 15:12:35,12.0,0.0025,69.44,0.0355826,0.0452557,0.0004923681158113124,9981825.298008025,/case/fea/auto_run_20250819_151235,/racewing-opt/config/refs.yaml,none,,config-stamp | from simpleFoam.log
2025-08-19 15:27:12,12.0,0.0025,69.44,0.0355826,0.0452557,0.0004923681158113124,9981825.298008025,/case/fea/auto_run_20250819_152712,/racewing-opt/config/refs.yaml,none,{},config-auto | from simpleFoam.log
2025-08-19 15:42:17,12.0,0.0025,69.44,0.0355826,0.0452557,0.0004923681158113124,9981825.298008025,/case/fea/auto_run_20250819_154217,/racewing-opt/config/refs.yaml,none,{},sanity-after-patch | from simpleFoam.log
2025-08-20 20:46:53,4.0,0.0025,69.44,0.0376862,0.0236136,0.00034739531308973336,7190989.077925158,/case/fea/auto_run_20250820_204653,/racewing-opt/config/refs.yaml,none,{},from simpleFoam.log
2025-08-20 20:46:55,5.0,0.0025,69.44,0.0374795,0.0262343,0.0003651250652076466,7532707.99079136,/case/fea/auto_run_20250820_204655,/racewing-opt/config/refs.yaml,none,{},from simpleFoam.log
2025-08-20 20:46:57,7.0,0.0025,69.44,0.0370192,0.0315613,0.0004010597157923032,8224860.039557694,/case/fea/auto_run_20250820_204656,/racewing-opt/config/refs.yaml,none,{},from simpleFoam.log
2025-08-20 20:46:58,8.0,0.0025,69.44,0.0367621,0.0342451,0.000419092791405971,8572076.81428538,/case/fea/auto_run_20250820_204658,/racewing-opt/config/refs.yaml,none,{},from simpleFoam.log
2025-08-20 20:47:00,10.0,0.0025,69.44,0.0362006,0.0396861,0.0004554246853966554,9271202.904901553,/case/fea/auto_run_20250820_204659,/racewing-opt/config/refs.yaml,none,{},from simpleFoam.log
2025-08-20 20:47:01,11.0,0.0025,69.44,0.0358965,0.0424504,0.0004738212007628064,9625127.247615587,/case/fea/auto_run_20250820_204701,/racewing-opt/config/refs.yaml,none,{},from simpleFoam.log
2025-08-20 20:47:03,13.0,0.0025,69.44,0.0352596,0.0481143,0.0005112874661152824,10345651.51148027,/case/fea/auto_run_20250820_204703,/racewing-opt/config/refs.yaml,none,{},from simpleFoam.log
2025-08-20 20:47:04,14.0,0.0025,69.44,0.0349232,0.0510296,0.0005304668195096514,10714378.546263522,/case/fea/auto_run_20250820_204704,/racewing-opt/config/refs.yaml,none,{},from simpleFoam.log
2025-08-20 20:47:06,15.0,0.0025,69.44,0.0345735,0.0540141,0.0005501515986326697,11092856.938228402,/case/fea/auto_run_20250820_204706,/racewing-opt/config/refs.yaml,none,{},from simpleFoam.log
2025-08-20 20:47:08,16.0,0.0025,69.44,0.0342121,0.0570893,0.0005703699995506756,11481648.390142245,/case/fea/auto_run_20250820_204707,/racewing-opt/config/refs.yaml,none,{},from simpleFoam.log
2025-08-20 20:49:51,16.0,0.0025,50.0,0.0177783,0.0295985,0.00029568789116183475,5952287.626312846,/case/fea/auto_run_20250820_204951,/racewing-opt/config/refs.yaml,none,{},from simpleFoam.log
2025-08-20 20:49:53,16.0,0.0025,80.0,0.045372,0.0757741,0.0007570719721633495,15239957.886764484,/case/fea/auto_run_20250820_204952,/racewing-opt/config/refs.yaml,none,{},from simpleFoam.log
2025-08-20 20:49:54,16.0,0.0025,100.0,0.0708154,0.1184,0.0011830113634050561,23814098.319246396,/case/fea/auto_run_20250820_204954,/racewing-opt/config/refs.yaml,none,{},from simpleFoam.log
2025-08-20 20:58:08,12.0,0.0015,69.44,0.0355826,0.0452557,0.0013133781370083576,17567156.49303922,/case/fea/auto_run_20250820_205808,/racewing-opt/config/refs.yaml,none,{},from simpleFoam.log
2025-08-20 20:58:09,13.0,0.0015,69.44,0.0352596,0.0481143,0.0013632762895878026,18209367.75361267,/case/fea/auto_run_20250820_205809,/racewing-opt/config/refs.yaml,none,{},from simpleFoam.log
2025-08-20 20:58:11,14.0,0.0015,69.44,0.0349232,0.0510296,0.0014138544573364055,18860234.079216488,/case/fea/auto_run_20250820_205811,/racewing-opt/config/refs.yaml,none,{},from simpleFoam.log
2025-08-20 20:58:13,15.0,0.0015,69.44,0.0345735,0.0540141,0.0014657697006508212,19528325.49566708,/case/fea/auto_run_20250820_205812,/racewing-opt/config/refs.yaml,none,{},from simpleFoam.log
2025-08-20 20:58:14,16.0,0.0015,69.44,0.0342121,0.0570893,0.0015190950120503991,20214625.8554833,/case/fea/auto_run_20250820_205814,/racewing-opt/config/refs.yaml,none,{},from simpleFoam.log
2025-08-20 20:58:16,17.0,0.0015,69.44,0.0338443,0.0602993,0.0015750614535953516,20935316.648243416,/case/fea/auto_run_20250820_205816,/racewing-opt/config/refs.yaml,none,{},from simpleFoam.log
2025-08-20 20:58:17,18.0,0.0015,69.44,0.033472,0.0636918,0.0016343580449611182,21699146.713513367,/case/fea/auto_run_20250820_205817,/racewing-opt/config/refs.yaml,none,{},from simpleFoam.log
2025-08-20 20:58:19,12.0,0.002,69.44,0.0355826,0.0452557,0.0007602002464034783,12854536.601637337,/case/fea/auto_run_20250820_205819,/racewing-opt/config/refs.yaml,none,{},from simpleFoam.log
2025-08-20 20:58:21,13.0,0.002,69.44,0.0352596,0.0481143,0.0007892523009326486,13323850.13743156,/case/fea/auto_run_20250820_205820,/racewing-opt/config/refs.yaml,none,{},from simpleFoam.log
2025-08-20 20:58:22,14.0,0.002,69.44,0.0349232,0.0510296,0.0008187016616916179,13799484.480301574,/case/fea/auto_run_20250820_205822,/racewing-opt/config/refs.yaml,none,{},from simpleFoam.log
2025-08-20 20:58:24,15.0,0.002,69.44,0.0345735,0.0540141,0.0008489286641230047,14287714.306832042,/case/fea/auto_run_20250820_205824,/racewing-opt/config/refs.yaml,none,{},from simpleFoam.log
2025-08-20 20:58:25,16.0,0.002,69.44,0.0342121,0.0570893,0.0008799757028859825,14789245.388823697,/case/fea/auto_run_20250820_205825,/racewing-opt/config/refs.yaml,none,{},from simpleFoam.log
2025-08-20 20:58:27,17.0,0.002,69.44,0.0338443,0.0602993,0.0009125577108066285,15315906.599582149,/case/fea/auto_run_20250820_205827,/racewing-opt/config/refs.yaml,none,{},from simpleFoam.log
2025-08-20 20:58:28,18.0,0.002,69.44,0.033472,0.0636918,0.0009470768961720275,15874108.91793656,/case/fea/auto_run_20250820_205828,/racewing-opt/config/refs.yaml,none,{},from simpleFoam.log
2025-08-20 20:58:30,17.0,0.0025,69.44,0.0338443,0.0602993,0.0005915859413661007,11889930.270448351,/case/fea/auto_run_20250820_205830,/racewing-opt/config/refs.yaml,none,{},from simpleFoam.log
2025-08-20 20:58:32,18.0,0.0025,69.44,0.033472,0.0636918,0.0006140627276207957,12322667.58099199,/case/fea/auto_run_20250820_205831,/racewing-opt/config/refs.yaml,none,{},from simpleFoam.log
2025-08-20 20:58:33,12.0,0.003,69.44,0.0355826,0.0452557,0.0003433696917784641,8061149.443305898,/case/fea/auto_run_20250820_205833,/racewing-opt/config/refs.yaml,none,{},from simpleFoam.log
2025-08-20 20:58:35,13.0,0.003,69.44,0.0352596,0.0481143,0.000356632180199825,8354422.895309466,/case/fea/auto_run_20250820_205835,/racewing-opt/config/refs.yaml,none,{},from simpleFoam.log
2025-08-20 20:58:36,14.0,0.003,69.44,0.0349232,0.0510296,0.00037007787060200185,8651643.52172372,/case/fea/auto_run_20250820_205836,/racewing-opt/config/refs.yaml,none,{},from simpleFoam.log
2025-08-20 20:58:38,15.0,0.003,69.44,0.0345735,0.0540141,0.00038387717832038203,8956722.534321412,/case/fea/auto_run_20250820_205838,/racewing-opt/config/refs.yaml,none,{},from simpleFoam.log
2025-08-20 20:58:39,16.0,0.003,69.44,0.0342121,0.0570893,0.0003980502003489961,9270113.774632433,/case/fea/auto_run_20250820_205839,/racewing-opt/config/refs.yaml,none,{},from simpleFoam.log
2025-08-20 20:58:41,17.0,0.003,69.44,0.0338443,0.0602993,0.0004129210484940416,9599220.489712901,/case/fea/auto_run_20250820_205841,/racewing-opt/config/refs.yaml,none,{},from simpleFoam.log
2025-08-20 20:58:43,18.0,0.003,69.44,0.033472,0.0636918,0.00042867552403711025,9948048.67025162,/case/fea/auto_run_20250820_205842,/racewing-opt/config/refs.yaml,none,{},from simpleFoam.log
2025-08-20 21:01:02,18.0,0.0015,50.0,0.0173942,0.0330199,0.0008471222574940068,11247268.284997828,/case/fea/auto_run_20250820_210102,/racewing-opt/config/refs.yaml,none,{},from simpleFoam.log
2025-08-20 21:01:04,18.0,0.0015,80.0,0.0443899,0.084539,0.00216936815515332,28802354.12015523,/case/fea/auto_run_20250820_210104,/racewing-opt/config/refs.yaml,none,{},from simpleFoam.log
2025-08-20 21:01:06,18.0,0.0015,100.0,0.0692813,0.132099,0.003389940128565574,45007553.71269857,/case/fea/auto_run_20250820_210105,/racewing-opt/config/refs.yaml,none,{},from simpleFoam.log
2025-08-25 09:23:41,12.0,0.0025,69.44,0.0355826,0.0452557,0.0004923681158113124,9981825.298008025,/case/fea/auto_run_20250825_092341,/racewing-opt/config/refs.yaml,none,{},gurney=0mm | from simpleFoam.log
2025-08-25 09:23:43,12.0,0.0025,69.44,0.0355826,0.0452557,0.0004923681158113124,9981825.298008025,/case/fea/auto_run_20250825_092343,/racewing-opt/config/refs.yaml,none,{},gurney=5mm | from simpleFoam.log
2025-08-25 09:23:45,12.0,0.0025,69.44,0.0355826,0.0452557,0.0004923681158113124,9981825.298008025,/case/fea/auto_run_20250825_092344,/racewing-opt/config/refs.yaml,none,{},gurney=10mm | from simpleFoam.log
2025-08-25 10:47:37,12.0,0.0025,69.44,0.0718015,-0.170472,1.739141857768508e-05,1506616.4565810736,/case/fea/auto_run_20250825_104737,/racewing-opt/config/refs.yaml,none,{},"gurney=15mm,thick≈3mm (meshed) | from simpleFoam.log"
2025-08-25 10:52:59,12.0,0.0025,69.44,0.0718015,-0.000825828,1.739141857768508e-05,1506616.4565810736,/case/fea/auto_run_20250825_105259,/racewing-opt/config/refs.yaml,none,{},"gurney=15mm,thick≈3mm (liftDir-down) | from simpleFoam.log"
2025-08-25 11:38:21,12.0,0.0025,69.44,0.0759299,-0.000186461,0.0012485329269751775,28564298.62041013,/case/fea/auto_run_20250825_113821,/racewing-opt/config/refs.yaml,none,{},baseline (pitch-XZ) | from simpleFoam.log
2025-08-25 11:38:29,12.0,0.0025,69.44,0.0763307,-0.000896602,2.0123436273294506e-05,1786163.8975908146,/case/fea/auto_run_20250825_113829,/racewing-opt/config/refs.yaml,none,{},"gurney=15mm,thick≈3mm (pitch-XZ) | from simpleFoam.log"
2025-08-25 11:41:12,12.0,0.0025,69.44,0.0759299,-0.000186461,0.0012485329269751775,28564298.62041013,/case/fea/auto_run_20250825_114111,/racewing-opt/config/refs.yaml,none,{},baseline (refs+dirs locked) | from simpleFoam.log
2025-08-25 11:43:59,18.0,0.0025,69.44,0.145191,-0.000899586,6.828798837784431e-05,3752673.3442926053,/case/fea/auto_run_20250825_114359,/racewing-opt/config/refs.yaml,none,{},baseline (pitch-XZ AoA18) | from simpleFoam.log
2025-08-25 11:51:53,12.0,0.0025,69.44,0.0713642,0.169951,0.0010407986823945043,23857592.2721414,/case/fea/auto_run_20250825_115153,/racewing-opt/config/refs.yaml,none,{},"baseline (XY, lift=-Y) | from simpleFoam.log"
2025-08-25 11:51:55,12.0,0.0025,69.44,0.0718015,0.170472,1.739141857768508e-05,1506616.4565810736,/case/fea/auto_run_20250825_115155,/racewing-opt/config/refs.yaml,none,{},"gurney=15mm,3mm (XY, lift=-Y) | from simpleFoam.log"
2025-08-25 11:56:27,12.0,0.0025,69.44,0.0738563,0.262159,0.0001302479681345844,12360758.194857035,/case/fea/auto_run_20250825_115623,/racewing-opt/config/refs.yaml,none,{},"gurney=15mm,3mm (XY,-Y) + TEref | from simpleFoam.log"
2025-08-25 12:12:43,12.0,0.0025,69.44,0.0724749,0.263775,0.0001771343157712565,12502878.301070198,/case/fea/auto_run_20250825_121240,/racewing-opt/config/refs.yaml,none,{},"gurney=0mm (XY,-Y) + TEref | from simpleFoam.log"
2025-08-25 12:12:57,12.0,0.0025,69.44,0.072614,0.263675,533578.4118294975,12453963.609109143,/case/fea/auto_run_20250825_121254,/racewing-opt/config/refs.yaml,none,{},"gurney=5mm (XY,-Y) + TEref | from simpleFoam.log"
2025-08-25 12:13:12,12.0,0.0025,69.44,0.0732233,0.263108,0.0001309021505018744,12416438.919009065,/case/fea/auto_run_20250825_121309,/racewing-opt/config/refs.yaml,none,{},"gurney=10mm (XY,-Y) + TEref | from simpleFoam.log"
2025-08-25 12:13:26,12.0,0.0025,69.44,0.0738563,0.262159,0.0001302479681345844,12360758.194857035,/case/fea/auto_run_20250825_121323,/racewing-opt/config/refs.yaml,none,{},"gurney=15mm (XY,-Y) + TEref | from simpleFoam.log"
2025-08-25 12:24:35,12.0,0.0025,69.44,0.0659844,0.172226,3.76433519477284e-05,2489629.3382467525,/case/fea/auto_run_20250825_122432,/racewing-opt/config/refs.yaml,none,{},"gurney=10mm downward (XY,-Y) + TEref | from simpleFoam.log"
2025-08-25 12:27:33,12.0,0.0025,69.44,0.0771651,0.257498,2659951.002782758,12028451.127106136,/case/fea/auto_run_20250825_122730,/racewing-opt/config/refs.yaml,none,{},"gurney=10mm (pressure-side, XY,-Y) + TEref | from simpleFoam.log"
2025-08-25 13:31:18,12.0,0.0025,69.44,0.118345,0.442693,0.0003633879637631587,33050464.985556904,/case/fea/auto_run_20250825_133114,/racewing-opt/config/refs.yaml,none,{},"gurney=6mm suction-side (XY,-Y) + TEref | from simpleFoam.log"
2025-08-25 13:41:56,12.0,0.0025,69.44,0.0724749,0.263775,0.0001771343157712565,12502878.301070198,/case/fea/auto_run_20250825_134154,/racewing-opt/config/refs.yaml,none,{},"gurney=0mm suction-side (XY,-Y) + TEref | from simpleFoam.log"
2025-08-25 13:42:11,12.0,0.0025,69.44,0.100768,0.385429,0.0002825701463042407,26281059.757949453,/case/fea/auto_run_20250825_134208,/racewing-opt/config/refs.yaml,none,{},"gurney=3mm suction-side (XY,-Y) + TEref | from simpleFoam.log"
2025-08-25 13:42:26,12.0,0.0025,69.44,0.118345,0.442693,0.0003633879637631587,33050464.985556904,/case/fea/auto_run_20250825_134222,/racewing-opt/config/refs.yaml,none,{},"gurney=6mm suction-side (XY,-Y) + TEref | from simpleFoam.log"
2025-08-25 13:42:40,12.0,0.0025,69.44,0.128128,0.469931,0.0004039483794045437,36293962.87919288,/case/fea/auto_run_20250825_134237,/racewing-opt/config/refs.yaml,none,{},"gurney=9mm suction-side (XY,-Y) + TEref | from simpleFoam.log"
2025-08-25 15:13:19,12.0,0.0025,69.44,0.0724749,0.263775,0.0001771343157712565,12502878.301070198,/case/fea/auto_run_20250825_151316,/racewing-opt/config/refs.yaml,none,{},"gurney=0mm suction-side (XY,-Y) + TEref | from simpleFoam.log"
2025-08-25 15:13:33,12.0,0.0025,69.44,0.100768,0.385429,0.0002825701463042407,26281059.757949453,/case/fea/auto_run_20250825_151330,/racewing-opt/config/refs.yaml,none,{},"gurney=3mm suction-side (XY,-Y) + TEref | from simpleFoam.log"
2025-08-25 15:13:48,12.0,0.0025,69.44,0.118345,0.442693,0.0003633879637631587,33050464.985556904,/case/fea/auto_run_20250825_151344,/racewing-opt/config/refs.yaml,none,{},"gurney=6mm suction-side (XY,-Y) + TEref | from simpleFoam.log"
2025-08-25 15:14:02,12.0,0.0025,69.44,0.128128,0.469931,0.0004039483794045437,36293962.87919288,/case/fea/auto_run_20250825_151359,/racewing-opt/config/refs.yaml,none,{},"gurney=9mm suction-side (XY,-Y) + TEref | from simpleFoam.log"
2025-08-25 15:19:12,12.0,0.0025,50.0,0.0523223,0.19965,0.00014632041934827962,13608673.299879255,/case/fea/auto_run_20250825_151909,/racewing-opt/config/refs.yaml,none,{},"gurney=3mm suction-side (XY,-Y) + TEref | from simpleFoam.log"
2025-08-25 15:19:26,12.0,0.0025,80.0,0.133657,0.511775,0.00037525472164357215,34901241.928051375,/case/fea/auto_run_20250825_151923,/racewing-opt/config/refs.yaml,none,{},"gurney=3mm suction-side (XY,-Y) + TEref | from simpleFoam.log"
2025-08-25 15:19:41,12.0,0.0025,100.0,0.208648,0.800105,0.0005868087938415157,54577315.85657794,/case/fea/auto_run_20250825_151938,/racewing-opt/config/refs.yaml,none,{},"gurney=3mm suction-side (XY,-Y) + TEref | from simpleFoam.log"
2025-08-25 15:27:42,16.0,0.0025,69.44,-69150000000.0,20983300000.0,21431011.609608855,5.845732661369128e+18,/case/fea/auto_run_20250825_152735,/racewing-opt/config/refs.yaml,none,{},"gurney=3mm suction-side (XY,-Y) + TEref | from simpleFoam.log"
2025-08-25 15:48:04,16.0,0.0025,69.44,0.0907012,0.330751,0.00018400674466147364,15158897.8931382,/case/fea/auto_run_20250825_154757,/racewing-opt/config/refs.yaml,none,{},AoA16 baseline (stability pass) | from simpleFoam.log
2025-08-25 15:53:50,16.0,0.0025,69.44,0.0908959,0.331508,0.00018441596968969833,15188289.905606529,/case/fea/auto_run_20250825_155344,/racewing-opt/config/refs.yaml,none,{},gurney=3mm suction-side (stability numerics) | from simpleFoam.log
2025-08-25 21:32:42,16.0,0.0025,69.44,0.0907012,0.330751,0.00018400674466147364,15158897.8931382,/case/fea/auto_run_20250825_213235,/racewing-opt/config/refs.yaml,none,{},"gurney=0mm (AoA16,t2.5,stability) | from simpleFoam.log"
2025-08-25 21:33:54,16.0,0.0025,69.44,0.0908959,0.331508,0.00018441596968969833,15188289.905606529,/case/fea/auto_run_20250825_213347,/racewing-opt/config/refs.yaml,none,{},"gurney=3mm (AoA16,t2.5,stability) | from simpleFoam.log"
2025-08-25 21:35:08,16.0,0.0025,69.44,0.09222,0.338787,0.00019746846291081356,16043852.702700904,/case/fea/auto_run_20250825_213501,/racewing-opt/config/refs.yaml,none,{},"gurney=6mm (AoA16,t2.5,stability) | from simpleFoam.log"
2025-08-25 21:36:23,16.0,0.0025,69.44,0.0918933,0.336776,0.00019566757887589376,15897421.526170041,/case/fea/auto_run_20250825_213616,/racewing-opt/config/refs.yaml,none,{},"gurney=9mm (AoA16,t2.5,stability) | from simpleFoam.log"
2025-08-26 16:00:35,16.0,0.0025,69.44,0.09222,0.338787,0.00019746846291081356,16043852.702700904,/case/fea/auto_run_20250826_160028,/racewing-opt/config/refs.yaml,none,{},"gurney=6mm, stability numerics | from simpleFoam.log"
2025-08-26 16:03:01,16.0,0.0025,50.0,0.0480499,0.175613,0.00010268425094253553,8317086.74888427,/case/fea/auto_run_20250826_160254,/racewing-opt/config/refs.yaml,none,{},gurney=6mm | from simpleFoam.log
2025-08-26 16:04:15,16.0,0.0025,80.0,0.122454,0.446126,0.00026219957222669643,21304655.45418913,/case/fea/auto_run_20250826_160409,/racewing-opt/config/refs.yaml,none,{},gurney=6mm | from simpleFoam.log
2025-08-26 16:05:30,16.0,0.0025,100.0,0.190736,0.700553,0.00040951832173527264,33263853.974162605,/case/fea/auto_run_20250826_160523,/racewing-opt/config/refs.yaml,none,{},gurney=6mm | from simpleFoam.log
2025-08-26 16:31:57,13.0,0.0025,69.44,0.102158,0.44482,0.00024771243121140445,20143537.546322808,/case/fea/auto_run_20250826_163154,/racewing-opt/config/refs.yaml,none,{},gurney=6mm | from simpleFoam.log
2025-08-26 16:33:09,14.0,0.0025,69.44,0.0770871,0.335101,0.0001591391575925875,12008516.810598804,/case/fea/auto_run_20250826_163302,/racewing-opt/config/refs.yaml,none,{},gurney=6mm | from simpleFoam.log
2025-08-26 16:34:37,15.0,0.0025,69.44,0.0731789,0.298833,7.748240388892013e-05,7565067.047299166,/case/fea/auto_run_20250826_163434,/racewing-opt/config/refs.yaml,none,{},gurney=6mm | from simpleFoam.log
2025-08-26 16:35:30,17.0,0.0025,69.44,0.15332,0.504493,0.0003567936360973888,31926581.24855869,/case/fea/auto_run_20250826_163527,/racewing-opt/config/refs.yaml,none,{},gurney=6mm | from simpleFoam.log
2025-08-26 16:36:42,18.0,0.0025,69.44,0.137133,0.415707,0.00034694587723532906,28761687.121854857,/case/fea/auto_run_20250826_163635,/racewing-opt/config/refs.yaml,none,{},gurney=6mm | from simpleFoam.log
2025-08-26 22:15:48,13.0,0.0025,50.0,0.0532006,0.231362,0.00012897711662551524,10476108.759566605,/case/fea/auto_run_20250826_221545,/racewing-opt/config/refs.yaml,none,{},gurney=6mm | from simpleFoam.log
2025-08-26 22:16:41,13.0,0.0025,80.0,0.13553,0.592546,0.00033061179979787194,26877285.441704527,/case/fea/auto_run_20250826_221638,/racewing-opt/config/refs.yaml,none,{},gurney=6mm | from simpleFoam.log
2025-08-26 22:17:37,13.0,0.0025,100.0,0.21126,0.924832,0.000513810929651705,41836526.16546234,/case/fea/auto_run_20250826_221734,/racewing-opt/config/refs.yaml,none,{},gurney=6mm | from simpleFoam.log
2025-08-26 22:19:44,14.0,0.0025,50.0,0.0400621,0.173989,8.269382982612095e-05,6239363.164207709,/case/fea/auto_run_20250826_221937,/racewing-opt/config/refs.yaml,none,{},gurney=6mm | from simpleFoam.log
2025-08-26 22:20:57,14.0,0.0025,80.0,0.102572,0.446522,0.00021264217400315328,16061770.290081576,/case/fea/auto_run_20250826_222050,/racewing-opt/config/refs.yaml,none,{},gurney=6mm | from simpleFoam.log
2025-08-26 22:22:11,14.0,0.0025,100.0,0.158478,0.693258,0.00032773774722651296,24756611.15389855,/case/fea/auto_run_20250826_222204,/racewing-opt/config/refs.yaml,none,{},gurney=6mm | from simpleFoam.log
2025-08-26 22:23:06,15.0,0.0025,50.0,0.0379406,0.154556,3.9948758811405825e-05,3900733.2524497164,/case/fea/auto_run_20250826_222303,/racewing-opt/config/refs.yaml,none,{},gurney=6mm | from simpleFoam.log
2025-08-26 22:24:01,15.0,0.0025,80.0,0.0961464,0.393067,0.00010034138321543515,9801610.928325228,/case/fea/auto_run_20250826_222359,/racewing-opt/config/refs.yaml,none,{},gurney=6mm | from simpleFoam.log
2025-08-26 22:24:57,15.0,0.0025,100.0,0.150956,0.61935,0.00015874480850639817,15541222.690618902,/case/fea/auto_run_20250826_222454,/racewing-opt/config/refs.yaml,none,{},gurney=6mm | from simpleFoam.log
